timestamp,open,high,low,close,volume
2025-01-01T00:00:00,1.0795,1.0803,1.0786,1.0795,1500.0
2025-01-01T01:00:00,1.0795,1.0803,1.0779,1.0788,1500.0
2025-01-01T02:00:00,1.0788,1.0797,1.0772,1.0781,1500.0
2025-01-01T03:00:00,1.0781,1.0789,1.0767,1.0775,1500.0
2025-01-01T04:00:00,1.0775,1.0784,1.076,1.0769,1500.0
2025-01-01T05:00:00,1.0769,1.0777,1.0752,1.0761,1500.0
2025-01-01T06:00:00,1.0761,1.077,1.0747,1.0756,1500.0
2025-01-01T07:00:00,1.0756,1.0764,1.0741,1.0749,1500.0
2025-01-01T08:00:00,1.0749,1.0758,1.0733,1.0742,1500.0
2025-01-01T09:00:00,1.0742,1.075,1.0728,1.0736,1500.0
2025-01-01T10:00:00,1.0736,1.0745,1.0721,1.073,1500.0
2025-01-01T11:00:00,1.073,1.0738,1.0714,1.0722,1500.0
2025-01-01T12:00:00,1.0722,1.0731,1.0708,1.0717,1500.0
2025-01-01T13:00:00,1.0717,1.0725,1.0702,1.071,1500.0
2025-01-01T14:00:00,1.071,1.0719,1.0694,1.0703,1500.0
2025-01-01T15:00:00,1.0703,1.0711,1.0689,1.0697,1500.0
2025-01-01T16:00:00,1.0697,1.0706,1.0682,1.0691,1500.0
2025-01-01T17:00:00,1.0691,1.07,1.0675,1.0683,1500.0
2025-01-01T18:00:00,1.0683,1.0692,1.0669,1.0678,1500.0
2025-01-01T19:00:00,1.0678,1.0687,1.0663,1.0671,1500.0
2025-01-01T20:00:00,1.0671,1.0693,1.0663,1.0684,1500.0
2025-01-01T21:00:00,1.0684,1.0706,1.0676,1.0697,1500.0
2025-01-01T22:00:00,1.0697,1.0719,1.0689,1.071,1500.0
2025-01-01T23:00:00,1.071,1.0732,1.0702,1.0723,1500.0
2025-01-02T00:00:00,1.0723,1.0745,1.0715,1.0736,1500.0
2025-01-02T01:00:00,1.0736,1.0758,1.0728,1.0749,1500.0
2025-01-02T02:00:00,1.0749,1.0771,1.0741,1.0762,1500.0
2025-01-02T03:00:00,1.0762,1.0784,1.0754,1.0775,1500.0
2025-01-02T04:00:00,1.0775,1.0797,1.0767,1.0788,1500.0
2025-01-02T05:00:00,1.0788,1.081,1.0779,1.0801,1500.0
2025-01-02T06:00:00,1.0801,1.0823,1.0792,1.0814,1500.0
2025-01-02T07:00:00,1.0814,1.0836,1.0805,1.0827,1500.0
2025-01-02T08:00:00,1.0827,1.0849,1.0818,1.084,1500.0
2025-01-02T09:00:00,1.084,1.0862,1.0831,1.0853,1500.0
2025-01-02T10:00:00,1.0853,1.0875,1.0844,1.0866,1500.0
2025-01-02T11:00:00,1.0866,1.0875,1.0841,1.085,1500.0
2025-01-02T12:00:00,1.085,1.086,1.0841,1.0852,1500.0
2025-01-02T13:00:00,1.0852,1.086,1.0827,1.0836,1500.0
2025-01-02T14:00:00,1.0836,1.0846,1.0827,1.0838,1500.0
2025-01-02T15:00:00,1.0838,1.0846,1.0813,1.0822,1500.0
2025-01-02T16:00:00,1.0822,1.0832,1.0813,1.0824,1500.0
2025-01-02T17:00:00,1.0824,1.0832,1.0799,1.0808,1500.0
2025-01-02T18:00:00,1.0808,1.0818,1.0799,1.081,1500.0
2025-01-02T19:00:00,1.081,1.0818,1.0785,1.0794,1500.0
2025-01-02T20:00:00,1.0794,1.0804,1.0785,1.0796,1500.0
2025-01-02T21:00:00,1.0796,1.0804,1.0771,1.0779,1500.0
2025-01-02T22:00:00,1.0779,1.079,1.0771,1.0782,1500.0
2025-01-02T23:00:00,1.0782,1.079,1.0757,1.0765,1500.0
2025-01-03T00:00:00,1.0765,1.0776,1.0757,1.0768,1500.0
2025-01-03T01:00:00,1.0768,1.0776,1.0743,1.0751,1500.0
2025-01-03T02:00:00,1.0751,1.076,1.0735,1.0744,1500.0
2025-01-03T03:00:00,1.0744,1.0752,1.073,1.0738,1500.0
2025-01-03T04:00:00,1.0738,1.0747,1.0723,1.0732,1500.0
2025-01-03T05:00:00,1.0732,1.0741,1.0716,1.0724,1500.0
2025-01-03T06:00:00,1.0724,1.0733,1.071,1.0719,1500.0
2025-01-03T07:00:00,1.0719,1.0728,1.0704,1.0713,1500.0
2025-01-03T08:00:00,1.0713,1.0721,1.0696,1.0705,1500.0
2025-01-03T09:00:00,1.0705,1.0714,1.0691,1.07,1500.0
2025-01-03T10:00:00,1.07,1.0708,1.0684,1.0693,1500.0
2025-01-03T11:00:00,1.0693,1.0702,1.0677,1.0686,1500.0
2025-01-03T12:00:00,1.0686,1.0694,1.0671,1.068,1500.0
2025-01-03T13:00:00,1.068,1.0689,1.0665,1.0674,1500.0
2025-01-03T14:00:00,1.0674,1.0682,1.0657,1.0666,1500.0
2025-01-03T15:00:00,1.0666,1.0675,1.0652,1.0661,1500.0
2025-01-03T16:00:00,1.0661,1.0669,1.0646,1.0654,1500.0
2025-01-03T17:00:00,1.0654,1.0663,1.0638,1.0647,1500.0
2025-01-03T18:00:00,1.0647,1.0655,1.0633,1.0641,1500.0
2025-01-03T19:00:00,1.0641,1.065,1.0626,1.0635,1500.0
2025-01-03T20:00:00,1.0635,1.0643,1.0619,1.0627,1500.0
2025-01-03T21:00:00,1.0627,1.0636,1.0613,1.0622,1500.0
2025-01-03T22:00:00,1.0622,1.0643,1.0613,1.0635,1500.0
2025-01-03T23:00:00,1.0635,1.0656,1.0626,1.0648,1500.0
2025-01-04T00:00:00,1.0648,1.0669,1.0639,1.0661,1500.0
2025-01-04T01:00:00,1.0661,1.0682,1.0652,1.0674,1500.0
2025-01-04T02:00:00,1.0674,1.0695,1.0665,1.0687,1500.0
2025-01-04T03:00:00,1.0687,1.0708,1.0678,1.07,1500.0
2025-01-04T04:00:00,1.07,1.0721,1.0691,1.0713,1500.0
2025-01-04T05:00:00,1.0713,1.0734,1.0704,1.0725,1500.0
2025-01-04T06:00:00,1.0725,1.0747,1.0717,1.0738,1500.0
2025-01-04T07:00:00,1.0738,1.076,1.073,1.0751,1500.0
2025-01-04T08:00:00,1.0751,1.0773,1.0743,1.0764,1500.0
2025-01-04T09:00:00,1.0764,1.0786,1.0756,1.0777,1500.0
2025-01-04T10:00:00,1.0777,1.0799,1.0769,1.079,1500.0
2025-01-04T11:00:00,1.079,1.0812,1.0782,1.0803,1500.0
2025-01-04T12:00:00,1.0803,1.0825,1.0795,1.0816,1500.0
2025-01-04T13:00:00,1.0816,1.0825,1.0791,1.08,1500.0
2025-01-04T14:00:00,1.08,1.0811,1.0791,1.0802,1500.0
2025-01-04T15:00:00,1.0802,1.0811,1.0777,1.0786,1500.0
2025-01-04T16:00:00,1.0786,1.0797,1.0777,1.0788,1500.0
2025-01-04T17:00:00,1.0788,1.0797,1.0763,1.0772,1500.0
2025-01-04T18:00:00,1.0772,1.0783,1.0763,1.0774,1500.0
2025-01-04T19:00:00,1.0774,1.0783,1.0749,1.0758,1500.0
2025-01-04T20:00:00,1.0758,1.0769,1.0749,1.076,1500.0
2025-01-04T21:00:00,1.076,1.0769,1.0735,1.0744,1500.0
2025-01-04T22:00:00,1.0744,1.0755,1.0735,1.0746,1500.0
2025-01-04T23:00:00,1.0746,1.0755,1.0721,1.073,1500.0
2025-01-05T00:00:00,1.073,1.0741,1.0721,1.0732,1500.0
2025-01-05T01:00:00,1.0732,1.0741,1.0707,1.0716,1500.0
2025-01-05T02:00:00,1.0716,1.0727,1.0707,1.0718,1500.0
2025-01-05T03:00:00,1.0718,1.0727,1.0693,1.0702,1500.0
2025-01-05T04:00:00,1.0702,1.071,1.0687,1.0695,1500.0
2025-01-05T05:00:00,1.0695,1.0704,1.0679,1.0688,1500.0
2025-01-05T06:00:00,1.0688,1.0696,1.0674,1.0682,1500.0
2025-01-05T07:00:00,1.0682,1.0691,1.0667,1.0676,1500.0
2025-01-05T08:00:00,1.0676,1.0684,1.066,1.0668,1500.0
2025-01-05T09:00:00,1.0668,1.0677,1.0654,1.0663,1500.0
2025-01-05T10:00:00,1.0663,1.0671,1.0648,1.0656,1500.0
2025-01-05T11:00:00,1.0656,1.0665,1.064,1.0649,1500.0
2025-01-05T12:00:00,1.0649,1.0657,1.0635,1.0643,1500.0
2025-01-05T13:00:00,1.0643,1.0652,1.0628,1.0637,1500.0
2025-01-05T14:00:00,1.0637,1.0646,1.0621,1.0629,1500.0
2025-01-05T15:00:00,1.0629,1.0638,1.0615,1.0624,1500.0
2025-01-05T16:00:00,1.0624,1.0633,1.0609,1.0617,1500.0
2025-01-05T17:00:00,1.0617,1.0626,1.0601,1.061,1500.0
2025-01-05T18:00:00,1.061,1.0619,1.0596,1.0605,1500.0
2025-01-05T19:00:00,1.0605,1.0613,1.0589,1.0598,1500.0
2025-01-05T20:00:00,1.0598,1.0607,1.0582,1.059,1500.0
2025-01-05T21:00:00,1.059,1.0599,1.0576,1.0585,1500.0
2025-01-05T22:00:00,1.0585,1.0594,1.057,1.0579,1500.0
2025-01-05T23:00:00,1.0579,1.0587,1.0562,1.0571,1500.0
2025-01-06T00:00:00,1.0571,1.0593,1.0562,1.0584,1500.0
2025-01-06T01:00:00,1.0584,1.0606,1.0575,1.0597,1500.0
2025-01-06T02:00:00,1.0597,1.0619,1.0588,1.061,1500.0
2025-01-06T03:00:00,1.061,1.0632,1.0601,1.0623,1500.0
2025-01-06T04:00:00,1.0623,1.0644,1.0614,1.0636,1500.0
2025-01-06T05:00:00,1.0636,1.0657,1.0627,1.0649,1500.0
2025-01-06T06:00:00,1.0649,1.067,1.064,1.0662,1500.0
2025-01-06T07:00:00,1.0662,1.0683,1.0653,1.0675,1500.0
2025-01-06T08:00:00,1.0675,1.0696,1.0666,1.0688,1500.0
2025-01-06T09:00:00,1.0688,1.0709,1.0679,1.0701,1500.0
2025-01-06T10:00:00,1.0701,1.0722,1.0692,1.0714,1500.0
2025-01-06T11:00:00,1.0714,1.0735,1.0705,1.0727,1500.0
2025-01-06T12:00:00,1.0727,1.0748,1.0718,1.074,1500.0
2025-01-06T13:00:00,1.074,1.0761,1.0731,1.0752,1500.0
2025-01-06T14:00:00,1.0752,1.0774,1.0744,1.0765,1500.0
2025-01-06T15:00:00,1.0765,1.0774,1.0741,1.0749,1500.0
2025-01-06T16:00:00,1.0749,1.076,1.0741,1.0751,1500.0
2025-01-06T17:00:00,1.0751,1.076,1.0727,1.0735,1500.0
2025-01-06T18:00:00,1.0735,1.0746,1.0727,1.0737,1500.0
2025-01-06T19:00:00,1.0737,1.0746,1.0713,1.0721,1500.0
2025-01-06T20:00:00,1.0721,1.0732,1.0713,1.0723,1500.0
2025-01-06T21:00:00,1.0723,1.0732,1.0698,1.0707,1500.0
2025-01-06T22:00:00,1.0707,1.0718,1.0698,1.0709,1500.0
2025-01-06T23:00:00,1.0709,1.0718,1.0684,1.0693,1500.0
2025-01-07T00:00:00,1.0693,1.0704,1.0684,1.0695,1500.0
2025-01-07T01:00:00,1.0695,1.0704,1.067,1.0679,1500.0
2025-01-07T02:00:00,1.0679,1.069,1.067,1.0681,1500.0
2025-01-07T03:00:00,1.0681,1.069,1.0656,1.0665,1500.0
2025-01-07T04:00:00,1.0665,1.0676,1.0656,1.0667,1500.0
2025-01-07T05:00:00,1.0667,1.0676,1.0642,1.0651,1500.0
2025-01-07T06:00:00,1.0651,1.066,1.0637,1.0646,1500.0
2025-01-07T07:00:00,1.0646,1.0654,1.063,1.0639,1500.0
2025-01-07T08:00:00,1.0639,1.0648,1.0623,1.0632,1500.0
2025-01-07T09:00:00,1.0632,1.064,1.0617,1.0626,1500.0
2025-01-07T10:00:00,1.0626,1.0635,1.0611,1.062,1500.0
2025-01-07T11:00:00,1.062,1.0628,1.0603,1.0612,1500.0
2025-01-07T12:00:00,1.0612,1.0621,1.0598,1.0607,1500.0
2025-01-07T13:00:00,1.0607,1.0615,1.0592,1.06,1500.0
2025-01-07T14:00:00,1.06,1.0609,1.0584,1.0593,1500.0
2025-01-07T15:00:00,1.0593,1.0601,1.0579,1.0587,1500.0
2025-01-07T16:00:00,1.0587,1.0596,1.0572,1.0581,1500.0
2025-01-07T17:00:00,1.0581,1.0589,1.0565,1.0573,1500.0
2025-01-07T18:00:00,1.0573,1.0582,1.0559,1.0568,1500.0
2025-01-07T19:00:00,1.0568,1.0576,1.0553,1.0561,1500.0
2025-01-07T20:00:00,1.0561,1.057,1.0545,1.0554,1500.0
2025-01-07T21:00:00,1.0554,1.0562,1.054,1.0548,1500.0
2025-01-07T22:00:00,1.0548,1.0557,1.0533,1.0542,1500.0
2025-01-07T23:00:00,1.0542,1.0551,1.0526,1.0534,1500.0
2025-01-08T00:00:00,1.0534,1.0543,1.052,1.0529,1500.0
2025-01-08T01:00:00,1.0529,1.0538,1.0514,1.0522,1500.0
2025-01-08T02:00:00,1.0522,1.0544,1.0514,1.0535,1500.0
2025-01-08T03:00:00,1.0535,1.0557,1.0527,1.0548,1500.0
2025-01-08T04:00:00,1.0548,1.057,1.054,1.0561,1500.0
2025-01-08T05:00:00,1.0561,1.0583,1.0553,1.0574,1500.0
2025-01-08T06:00:00,1.0574,1.0596,1.0566,1.0587,1500.0
2025-01-08T07:00:00,1.0587,1.0609,1.0579,1.06,1500.0
2025-01-08T08:00:00,1.06,1.0622,1.0592,1.0613,1500.0
2025-01-08T09:00:00,1.0613,1.0635,1.0605,1.0626,1500.0
2025-01-08T10:00:00,1.0626,1.0648,1.0617,1.0639,1500.0
2025-01-08T11:00:00,1.0639,1.0661,1.063,1.0652,1500.0
2025-01-08T12:00:00,1.0652,1.0674,1.0643,1.0665,1500.0
2025-01-08T13:00:00,1.0665,1.0687,1.0656,1.0678,1500.0
2025-01-08T14:00:00,1.0678,1.07,1.0669,1.0691,1500.0
2025-01-08T15:00:00,1.0691,1.0713,1.0682,1.0704,1500.0
2025-01-08T16:00:00,1.0704,1.0725,1.0695,1.0717,1500.0
2025-01-08T17:00:00,1.0717,1.0725,1.0692,1.0701,1500.0
2025-01-08T18:00:00,1.0701,1.0711,1.0692,1.0703,1500.0
2025-01-08T19:00:00,1.0703,1.0711,1.0678,1.0687,1500.0
2025-01-08T20:00:00,1.0687,1.0697,1.0678,1.0689,1500.0
2025-01-08T21:00:00,1.0689,1.0697,1.0664,1.0673,1500.0
2025-01-08T22:00:00,1.0673,1.0683,1.0664,1.0675,1500.0
2025-01-08T23:00:00,1.0675,1.0683,1.065,1.0659,1500.0
2025-01-09T00:00:00,1.0659,1.0669,1.065,1.0661,1500.0
2025-01-09T01:00:00,1.0661,1.0669,1.0636,1.0644,1500.0
2025-01-09T02:00:00,1.0644,1.0655,1.0636,1.0647,1500.0
2025-01-09T03:00:00,1.0647,1.0655,1.0622,1.063,1500.0
2025-01-09T04:00:00,1.063,1.0641,1.0622,1.0633,1500.0
2025-01-09T05:00:00,1.0633,1.0641,1.0608,1.0616,1500.0
2025-01-09T06:00:00,1.0616,1.0627,1.0608,1.0619,1500.0
2025-01-09T07:00:00,1.0619,1.0627,1.0594,1.0602,1500.0
2025-01-09T08:00:00,1.0602,1.0611,1.0586,1.0595,1500.0
2025-01-09T09:00:00,1.0595,1.0603,1.0581,1.0589,1500.0
2025-01-09T10:00:00,1.0589,1.0598,1.0574,1.0583,1500.0
2025-01-09T11:00:00,1.0583,1.0592,1.0567,1.0575,1500.0
2025-01-09T12:00:00,1.0575,1.0584,1.0561,1.057,1500.0
2025-01-09T13:00:00,1.057,1.0579,1.0555,1.0563,1500.0
2025-01-09T14:00:00,1.0563,1.0572,1.0547,1.0556,1500.0
2025-01-09T15:00:00,1.0556,1.0565,1.0542,1.0551,1500.0
2025-01-09T16:00:00,1.0551,1.0559,1.0535,1.0544,1500.0
2025-01-09T17:00:00,1.0544,1.0553,1.0528,1.0536,1500.0
2025-01-09T18:00:00,1.0536,1.0545,1.0522,1.0531,1500.0
2025-01-09T19:00:00,1.0531,1.054,1.0516,1.0525,1500.0
2025-01-09T20:00:00,1.0525,1.0533,1.0508,1.0517,1500.0
2025-01-09T21:00:00,1.0517,1.0526,1.0503,1.0512,1500.0
2025-01-09T22:00:00,1.0512,1.052,1.0497,1.0505,1500.0
2025-01-09T23:00:00,1.0505,1.0514,1.0489,1.0498,1500.0
2025-01-10T00:00:00,1.0498,1.0506,1.0484,1.0492,1500.0
2025-01-10T01:00:00,1.0492,1.0501,1.0477,1.0486,1500.0
2025-01-10T02:00:00,1.0486,1.0494,1.047,1.0478,1500.0
2025-01-10T03:00:00,1.0478,1.0487,1.0464,1.0473,1500.0
2025-01-10T04:00:00,1.0473,1.0494,1.0464,1.0486,1500.0
2025-01-10T05:00:00,1.0486,1.0507,1.0477,1.0499,1500.0
2025-01-10T06:00:00,1.0499,1.052,1.049,1.0512,1500.0
2025-01-10T07:00:00,1.0512,1.0533,1.0503,1.0525,1500.0
2025-01-10T08:00:00,1.0525,1.0546,1.0516,1.0538,1500.0
2025-01-10T09:00:00,1.0538,1.0559,1.0529,1.0551,1500.0
2025-01-10T10:00:00,1.0551,1.0572,1.0542,1.0563,1500.0
2025-01-10T11:00:00,1.0563,1.0585,1.0555,1.0576,1500.0
2025-01-10T12:00:00,1.0576,1.0598,1.0568,1.0589,1500.0
2025-01-10T13:00:00,1.0589,1.0611,1.0581,1.0602,1500.0
2025-01-10T14:00:00,1.0602,1.0624,1.0594,1.0615,1500.0
2025-01-10T15:00:00,1.0615,1.0637,1.0607,1.0628,1500.0
2025-01-10T16:00:00,1.0628,1.065,1.062,1.0641,1500.0
2025-01-10T17:00:00,1.0641,1.0663,1.0633,1.0654,1500.0
2025-01-10T18:00:00,1.0654,1.0676,1.0646,1.0667,1500.0
2025-01-10T19:00:00,1.0667,1.0676,1.0642,1.0651,1500.0
2025-01-10T20:00:00,1.0651,1.0662,1.0642,1.0653,1500.0
2025-01-10T21:00:00,1.0653,1.0662,1.0628,1.0637,1500.0
2025-01-10T22:00:00,1.0637,1.0648,1.0628,1.0639,1500.0
2025-01-10T23:00:00,1.0639,1.0648,1.0614,1.0623,1500.0
2025-01-11T00:00:00,1.0623,1.0634,1.0614,1.0625,1500.0
2025-01-11T01:00:00,1.0625,1.0634,1.06,1.0609,1500.0
2025-01-11T02:00:00,1.0609,1.062,1.06,1.0611,1500.0
2025-01-11T03:00:00,1.0611,1.062,1.0586,1.0595,1500.0
2025-01-11T04:00:00,1.0595,1.0606,1.0586,1.0597,1500.0
2025-01-11T05:00:00,1.0597,1.0606,1.0572,1.0581,1500.0
2025-01-11T06:00:00,1.0581,1.0592,1.0572,1.0583,1500.0
2025-01-11T07:00:00,1.0583,1.0592,1.0558,1.0567,1500.0
2025-01-11T08:00:00,1.0567,1.0578,1.0558,1.0569,1500.0
2025-01-11T09:00:00,1.0569,1.0578,1.0544,1.0553,1500.0
2025-01-11T10:00:00,1.0553,1.0561,1.0538,1.0546,1500.0
2025-01-11T11:00:00,1.0546,1.0555,1.053,1.0539,1500.0
2025-01-11T12:00:00,1.0539,1.0547,1.0525,1.0533,1500.0
2025-01-11T13:00:00,1.0533,1.0542,1.0518,1.0527,1500.0
2025-01-11T14:00:00,1.0527,1.0535,1.0511,1.0519,1500.0
2025-01-11T15:00:00,1.0519,1.0528,1.0505,1.0514,1500.0
2025-01-11T16:00:00,1.0514,1.0522,1.0499,1.0507,1500.0
2025-01-11T17:00:00,1.0507,1.0516,1.0491,1.05,1500.0
2025-01-11T18:00:00,1.05,1.0508,1.0486,1.0494,1500.0
2025-01-11T19:00:00,1.0494,1.0503,1.0479,1.0488,1500.0
2025-01-11T20:00:00,1.0488,1.0497,1.0472,1.048,1500.0
2025-01-11T21:00:00,1.048,1.0489,1.0466,1.0475,1500.0
2025-01-11T22:00:00,1.0475,1.0484,1.046,1.0468,1500.0
2025-01-11T23:00:00,1.0468,1.0477,1.0452,1.0461,1500.0
2025-01-12T00:00:00,1.0461,1.047,1.0447,1.0455,1500.0
2025-01-12T01:00:00,1.0455,1.0464,1.044,1.0449,1500.0
2025-01-12T02:00:00,1.0449,1.0458,1.0433,1.0441,1500.0
2025-01-12T03:00:00,1.0441,1.045,1.0427,1.0436,1500.0
2025-01-12T04:00:00,1.0436,1.0445,1.0421,1.043,1500.0
2025-01-12T05:00:00,1.043,1.0438,1.0413,1.0422,1500.0
2025-01-12T06:00:00,1.0422,1.0444,1.0413,1.0435,1500.0
2025-01-12T07:00:00,1.0435,1.0457,1.0426,1.0448,1500.0
2025-01-12T08:00:00,1.0448,1.047,1.0439,1.0461,1500.0
2025-01-12T09:00:00,1.0461,1.0482,1.0452,1.0474,1500.0
2025-01-12T10:00:00,1.0474,1.0495,1.0465,1.0487,1500.0
2025-01-12T11:00:00,1.0487,1.0508,1.0478,1.05,1500.0
2025-01-12T12:00:00,1.05,1.0521,1.0491,1.0513,1500.0
2025-01-12T13:00:00,1.0513,1.0534,1.0504,1.0526,1500.0
2025-01-12T14:00:00,1.0526,1.0547,1.0517,1.0539,1500.0
2025-01-12T15:00:00,1.0539,1.056,1.053,1.0552,1500.0
2025-01-12T16:00:00,1.0552,1.0573,1.0543,1.0565,1500.0
2025-01-12T17:00:00,1.0565,1.0586,1.0556,1.0578,1500.0
2025-01-12T18:00:00,1.0578,1.0599,1.0569,1.059,1500.0
2025-01-12T19:00:00,1.059,1.0612,1.0582,1.0603,1500.0
2025-01-12T20:00:00,1.0603,1.0625,1.0595,1.0616,1500.0
2025-01-12T21:00:00,1.0616,1.0625,1.0592,1.06,1500.0
2025-01-12T22:00:00,1.06,1.0611,1.0592,1.0602,1500.0
2025-01-12T23:00:00,1.0602,1.0611,1.0578,1.0586,1500.0
2025-01-13T00:00:00,1.0586,1.0597,1.0578,1.0588,1500.0
2025-01-13T01:00:00,1.0588,1.0597,1.0563,1.0572,1500.0
2025-01-13T02:00:00,1.0572,1.0583,1.0563,1.0574,1500.0
2025-01-13T03:00:00,1.0574,1.0583,1.0549,1.0558,1500.0
2025-01-13T04:00:00,1.0558,1.0569,1.0549,1.056,1500.0
2025-01-13T05:00:00,1.056,1.0569,1.0535,1.0544,1500.0
2025-01-13T06:00:00,1.0544,1.0555,1.0535,1.0546,1500.0
2025-01-13T07:00:00,1.0546,1.0555,1.0521,1.053,1500.0
2025-01-13T08:00:00,1.053,1.0541,1.0521,1.0532,1500.0
2025-01-13T09:00:00,1.0532,1.0541,1.0507,1.0516,1500.0
2025-01-13T10:00:00,1.0516,1.0527,1.0507,1.0518,1500.0
2025-01-13T11:00:00,1.0518,1.0527,1.0493,1.0502,1500.0
2025-01-13T12:00:00,1.0502,1.0511,1.0488,1.0497,1500.0
2025-01-13T13:00:00,1.0497,1.0505,1.0481,1.049,1500.0
2025-01-13T14:00:00,1.049,1.0499,1.0474,1.0482,1500.0
2025-01-13T15:00:00,1.0482,1.0491,1.0468,1.0477,1500.0
2025-01-13T16:00:00,1.0477,1.0486,1.0462,1.0471,1500.0
2025-01-13T17:00:00,1.0471,1.0479,1.0454,1.0463,1500.0
2025-01-13T18:00:00,1.0463,1.0472,1.0449,1.0458,1500.0
2025-01-13T19:00:00,1.0458,1.0466,1.0443,1.0451,1500.0
2025-01-13T20:00:00,1.0451,1.046,1.0435,1.0444,1500.0
2025-01-13T21:00:00,1.0444,1.0452,1.043,1.0438,1500.0
2025-01-13T22:00:00,1.0438,1.0447,1.0423,1.0432,1500.0
2025-01-13T23:00:00,1.0432,1.044,1.0416,1.0424,1500.0
2025-01-14T00:00:00,1.0424,1.0433,1.041,1.0419,1500.0
2025-01-14T01:00:00,1.0419,1.0427,1.0404,1.0412,1500.0
2025-01-14T02:00:00,1.0412,1.0421,1.0396,1.0405,1500.0
2025-01-14T03:00:00,1.0405,1.0413,1.0391,1.0399,1500.0
2025-01-14T04:00:00,1.0399,1.0408,1.0384,1.0393,1500.0
2025-01-14T05:00:00,1.0393,1.0401,1.0377,1.0385,1500.0
2025-01-14T06:00:00,1.0385,1.0394,1.0371,1.038,1500.0
2025-01-14T07:00:00,1.038,1.0389,1.0365,1.0373,1500.0
2025-01-14T08:00:00,1.0373,1.0395,1.0365,1.0386,1500.0
2025-01-14T09:00:00,1.0386,1.0408,1.0378,1.0399,1500.0
2025-01-14T10:00:00,1.0399,1.0421,1.0391,1.0412,1500.0
2025-01-14T11:00:00,1.0412,1.0434,1.0404,1.0425,1500.0
2025-01-14T12:00:00,1.0425,1.0447,1.0417,1.0438,1500.0
2025-01-14T13:00:00,1.0438,1.046,1.043,1.0451,1500.0
2025-01-14T14:00:00,1.0451,1.0473,1.0443,1.0464,1500.0
2025-01-14T15:00:00,1.0464,1.0486,1.0455,1.0477,1500.0
2025-01-14T16:00:00,1.0477,1.0499,1.0468,1.049,1500.0
2025-01-14T17:00:00,1.049,1.0512,1.0481,1.0503,1500.0
2025-01-14T18:00:00,1.0503,1.0525,1.0494,1.0516,1500.0
2025-01-14T19:00:00,1.0516,1.0538,1.0507,1.0529,1500.0
2025-01-14T20:00:00,1.0529,1.0551,1.052,1.0542,1500.0
2025-01-14T21:00:00,1.0542,1.0563,1.0533,1.0555,1500.0
2025-01-14T22:00:00,1.0555,1.0576,1.0546,1.0568,1500.0
2025-01-14T23:00:00,1.0568,1.0576,1.0543,1.0552,1500.0
2025-01-15T00:00:00,1.0552,1.0562,1.0543,1.0554,1500.0
2025-01-15T01:00:00,1.0554,1.0562,1.0529,1.0538,1500.0
2025-01-15T02:00:00,1.0538,1.0548,1.0529,1.054,1500.0
2025-01-15T03:00:00,1.054,1.0548,1.0515,1.0524,1500.0
2025-01-15T04:00:00,1.0524,1.0534,1.0515,1.0526,1500.0
2025-01-15T05:00:00,1.0526,1.0534,1.0501,1.0509,1500.0
2025-01-15T06:00:00,1.0509,1.052,1.0501,1.0512,1500.0
2025-01-15T07:00:00,1.0512,1.052,1.0487,1.0495,1500.0
2025-01-15T08:00:00,1.0495,1.0506,1.0487,1.0498,1500.0
2025-01-15T09:00:00,1.0498,1.0506,1.0473,1.0481,1500.0
2025-01-15T10:00:00,1.0481,1.0492,1.0473,1.0484,1500.0
2025-01-15T11:00:00,1.0484,1.0492,1.0459,1.0467,1500.0
2025-01-15T12:00:00,1.0467,1.0478,1.0459,1.047,1500.0
2025-01-15T13:00:00,1.047,1.0478,1.0445,1.0453,1500.0
2025-01-15T14:00:00,1.0453,1.0462,1.0437,1.0446,1500.0
2025-01-15T15:00:00,1.0446,1.0454,1.0432,1.044,1500.0
2025-01-15T16:00:00,1.044,1.0449,1.0425,1.0434,1500.0
2025-01-15T17:00:00,1.0434,1.0443,1.0418,1.0426,1500.0
2025-01-15T18:00:00,1.0426,1.0435,1.0412,1.0421,1500.0
2025-01-15T19:00:00,1.0421,1.043,1.0406,1.0414,1500.0
2025-01-15T20:00:00,1.0414,1.0423,1.0398,1.0407,1500.0
2025-01-15T21:00:00,1.0407,1.0416,1.0393,1.0401,1500.0
2025-01-15T22:00:00,1.0401,1.041,1.0386,1.0395,1500.0
2025-01-15T23:00:00,1.0395,1.0404,1.0379,1.0387,1500.0
2025-01-16T00:00:00,1.0387,1.0396,1.0373,1.0382,1500.0
2025-01-16T01:00:00,1.0382,1.0391,1.0367,1.0376,1500.0
2025-01-16T02:00:00,1.0376,1.0384,1.0359,1.0368,1500.0
2025-01-16T03:00:00,1.0368,1.0377,1.0354,1.0363,1500.0
2025-01-16T04:00:00,1.0363,1.0371,1.0347,1.0356,1500.0
2025-01-16T05:00:00,1.0356,1.0365,1.034,1.0349,1500.0
2025-01-16T06:00:00,1.0349,1.0357,1.0335,1.0343,1500.0
2025-01-16T07:00:00,1.0343,1.0352,1.0328,1.0337,1500.0
2025-01-16T08:00:00,1.0337,1.0345,1.032,1.0329,1500.0
2025-01-16T09:00:00,1.0329,1.0338,1.0315,1.0324,1500.0
2025-01-16T10:00:00,1.0324,1.0345,1.0315,1.0337,1500.0
2025-01-16T11:00:00,1.0337,1.0358,1.0328,1.035,1500.0
2025-01-16T12:00:00,1.035,1.0371,1.0341,1.0363,1500.0
2025-01-16T13:00:00,1.0363,1.0384,1.0354,1.0376,1500.0
2025-01-16T14:00:00,1.0376,1.0397,1.0367,1.0389,1500.0
2025-01-16T15:00:00,1.0389,1.041,1.038,1.0401,1500.0
2025-01-16T16:00:00,1.0401,1.0423,1.0393,1.0414,1500.0
2025-01-16T17:00:00,1.0414,1.0436,1.0406,1.0427,1500.0
2025-01-16T18:00:00,1.0427,1.0449,1.0419,1.044,1500.0
2025-01-16T19:00:00,1.044,1.0462,1.0432,1.0453,1500.0
2025-01-16T20:00:00,1.0453,1.0475,1.0445,1.0466,1500.0
2025-01-16T21:00:00,1.0466,1.0488,1.0458,1.0479,1500.0
2025-01-16T22:00:00,1.0479,1.0501,1.0471,1.0492,1500.0
2025-01-16T23:00:00,1.0492,1.0514,1.0484,1.0505,1500.0
2025-01-17T00:00:00,1.0505,1.0527,1.0497,1.0518,1500.0
2025-01-17T01:00:00,1.0518,1.0527,1.0493,1.0502,1500.0
2025-01-17T02:00:00,1.0502,1.0513,1.0493,1.0504,1500.0
2025-01-17T03:00:00,1.0504,1.0513,1.0479,1.0488,1500.0
2025-01-17T04:00:00,1.0488,1.0499,1.0479,1.049,1500.0
2025-01-17T05:00:00,1.049,1.0499,1.0465,1.0474,1500.0
2025-01-17T06:00:00,1.0474,1.0485,1.0465,1.0476,1500.0
2025-01-17T07:00:00,1.0476,1.0485,1.0451,1.046,1500.0
2025-01-17T08:00:00,1.046,1.0471,1.0451,1.0462,1500.0
2025-01-17T09:00:00,1.0462,1.0471,1.0437,1.0446,1500.0
2025-01-17T10:00:00,1.0446,1.0457,1.0437,1.0448,1500.0
2025-01-17T11:00:00,1.0448,1.0457,1.0423,1.0432,1500.0
2025-01-17T12:00:00,1.0432,1.0443,1.0423,1.0434,1500.0
2025-01-17T13:00:00,1.0434,1.0443,1.0409,1.0418,1500.0
2025-01-17T14:00:00,1.0418,1.0428,1.0409,1.042,1500.0
2025-01-17T15:00:00,1.042,1.0428,1.0395,1.0404,1500.0
2025-01-17T16:00:00,1.0404,1.0412,1.0389,1.0397,1500.0
2025-01-17T17:00:00,1.0397,1.0406,1.0381,1.039,1500.0
2025-01-17T18:00:00,1.039,1.0398,1.0376,1.0384,1500.0
2025-01-17T19:00:00,1.0384,1.0393,1.0369,1.0378,1500.0
2025-01-17T20:00:00,1.0378,1.0386,1.0362,1.037,1500.0
2025-01-17T21:00:00,1.037,1.0379,1.0356,1.0365,1500.0
2025-01-17T22:00:00,1.0365,1.0373,1.035,1.0358,1500.0
2025-01-17T23:00:00,1.0358,1.0367,1.0342,1.0351,1500.0
2025-01-18T00:00:00,1.0351,1.0359,1.0337,1.0345,1500.0
2025-01-18T01:00:00,1.0345,1.0354,1.033,1.0339,1500.0
2025-01-18T02:00:00,1.0339,1.0347,1.0323,1.0331,1500.0
2025-01-18T03:00:00,1.0331,1.034,1.0317,1.0326,1500.0
2025-01-18T04:00:00,1.0326,1.0335,1.0311,1.0319,1500.0
2025-01-18T05:00:00,1.0319,1.0328,1.0303,1.0312,1500.0
2025-01-18T06:00:00,1.0312,1.032,1.0298,1.0306,1500.0
2025-01-18T07:00:00,1.0306,1.0315,1.0291,1.03,1500.0
2025-01-18T08:00:00,1.03,1.0309,1.0284,1.0292,1500.0
2025-01-18T09:00:00,1.0292,1.0301,1.0278,1.0287,1500.0
2025-01-18T10:00:00,1.0287,1.0296,1.0272,1.0281,1500.0
2025-01-18T11:00:00,1.0281,1.0289,1.0264,1.0273,1500.0
2025-01-18T12:00:00,1.0273,1.0295,1.0264,1.0286,1500.0
2025-01-18T13:00:00,1.0286,1.0308,1.0277,1.0299,1500.0
2025-01-18T14:00:00,1.0299,1.032,1.029,1.0312,1500.0
2025-01-18T15:00:00,1.0312,1.0333,1.0303,1.0325,1500.0
2025-01-18T16:00:00,1.0325,1.0346,1.0316,1.0338,1500.0
2025-01-18T17:00:00,1.0338,1.0359,1.0329,1.0351,1500.0
2025-01-18T18:00:00,1.0351,1.0372,1.0342,1.0364,1500.0
2025-01-18T19:00:00,1.0364,1.0385,1.0355,1.0377,1500.0
2025-01-18T20:00:00,1.0377,1.0398,1.0368,1.039,1500.0
2025-01-18T21:00:00,1.039,1.0411,1.0381,1.0403,1500.0
2025-01-18T22:00:00,1.0403,1.0424,1.0394,1.0416,1500.0
2025-01-18T23:00:00,1.0416,1.0437,1.0407,1.0428,1500.0
2025-01-19T00:00:00,1.0428,1.045,1.042,1.0441,1500.0
2025-01-19T01:00:00,1.0441,1.0463,1.0433,1.0454,1500.0
2025-01-19T02:00:00,1.0454,1.0476,1.0446,1.0467,1500.0
2025-01-19T03:00:00,1.0467,1.0476,1.0443,1.0451,1500.0
2025-01-19T04:00:00,1.0451,1.0462,1.0443,1.0453,1500.0
2025-01-19T05:00:00,1.0453,1.0462,1.0428,1.0437,1500.0
2025-01-19T06:00:00,1.0437,1.0448,1.0428,1.0439,1500.0
2025-01-19T07:00:00,1.0439,1.0448,1.0414,1.0423,1500.0
2025-01-19T08:00:00,1.0423,1.0434,1.0414,1.0425,1500.0
2025-01-19T09:00:00,1.0425,1.0434,1.04,1.0409,1500.0
2025-01-19T10:00:00,1.0409,1.042,1.04,1.0411,1500.0
2025-01-19T11:00:00,1.0411,1.042,1.0386,1.0395,1500.0
2025-01-19T12:00:00,1.0395,1.0406,1.0386,1.0397,1500.0
2025-01-19T13:00:00,1.0397,1.0406,1.0372,1.0381,1500.0
2025-01-19T14:00:00,1.0381,1.0392,1.0372,1.0383,1500.0
2025-01-19T15:00:00,1.0383,1.0392,1.0358,1.0367,1500.0
2025-01-19T16:00:00,1.0367,1.0378,1.0358,1.0369,1500.0
2025-01-19T17:00:00,1.0369,1.0378,1.0344,1.0353,1500.0
2025-01-19T18:00:00,1.0353,1.0362,1.0339,1.0347,1500.0
2025-01-19T19:00:00,1.0347,1.0356,1.0332,1.0341,1500.0
2025-01-19T20:00:00,1.0341,1.035,1.0325,1.0333,1500.0
2025-01-19T21:00:00,1.0333,1.0342,1.0319,1.0328,1500.0
2025-01-19T22:00:00,1.0328,1.0337,1.0313,1.0322,1500.0
2025-01-19T23:00:00,1.0322,1.033,1.0305,1.0314,1500.0
2025-01-20T00:00:00,1.0314,1.0323,1.03,1.0309,1500.0
2025-01-20T01:00:00,1.0309,1.0317,1.0293,1.0302,1500.0
2025-01-20T02:00:00,1.0302,1.0311,1.0286,1.0295,1500.0
2025-01-20T03:00:00,1.0295,1.0303,1.0281,1.0289,1500.0
2025-01-20T04:00:00,1.0289,1.0298,1.0274,1.0283,1500.0
2025-01-20T05:00:00,1.0283,1.0291,1.0266,1.0275,1500.0
2025-01-20T06:00:00,1.0275,1.0284,1.0261,1.027,1500.0
2025-01-20T07:00:00,1.027,1.0278,1.0255,1.0263,1500.0
2025-01-20T08:00:00,1.0263,1.0272,1.0247,1.0256,1500.0
2025-01-20T09:00:00,1.0256,1.0264,1.0242,1.025,1500.0
2025-01-20T10:00:00,1.025,1.0259,1.0235,1.0244,1500.0
2025-01-20T11:00:00,1.0244,1.0252,1.0228,1.0236,1500.0
2025-01-20T12:00:00,1.0236,1.0245,1.0222,1.0231,1500.0
2025-01-20T13:00:00,1.0231,1.0239,1.0216,1.0224,1500.0
2025-01-20T14:00:00,1.0224,1.0246,1.0216,1.0237,1500.0
2025-01-20T15:00:00,1.0237,1.0259,1.0229,1.025,1500.0
2025-01-20T16:00:00,1.025,1.0272,1.0242,1.0263,1500.0
2025-01-20T17:00:00,1.0263,1.0285,1.0255,1.0276,1500.0
2025-01-20T18:00:00,1.0276,1.0298,1.0268,1.0289,1500.0
2025-01-20T19:00:00,1.0289,1.0311,1.0281,1.0302,1500.0
2025-01-20T20:00:00,1.0302,1.0324,1.0293,1.0315,1500.0
2025-01-20T21:00:00,1.0315,1.0337,1.0306,1.0328,1500.0
2025-01-20T22:00:00,1.0328,1.035,1.0319,1.0341,1500.0
2025-01-20T23:00:00,1.0341,1.0363,1.0332,1.0354,1500.0
2025-01-21T00:00:00,1.0354,1.0376,1.0345,1.0367,1500.0
2025-01-21T01:00:00,1.0367,1.0389,1.0358,1.038,1500.0
2025-01-21T02:00:00,1.038,1.0401,1.0371,1.0393,1500.0
2025-01-21T03:00:00,1.0393,1.0414,1.0384,1.0406,1500.0
2025-01-21T04:00:00,1.0406,1.0427,1.0397,1.0419,1500.0
2025-01-21T05:00:00,1.0419,1.0427,1.0394,1.0403,1500.0
2025-01-21T06:00:00,1.0403,1.0413,1.0394,1.0405,1500.0
2025-01-21T07:00:00,1.0405,1.0413,1.038,1.0389,1500.0
2025-01-21T08:00:00,1.0389,1.0399,1.038,1.0391,1500.0
2025-01-21T09:00:00,1.0391,1.0399,1.0366,1.0374,1500.0
2025-01-21T10:00:00,1.0374,1.0385,1.0366,1.0377,1500.0
2025-01-21T11:00:00,1.0377,1.0385,1.0352,1.036,1500.0
2025-01-21T12:00:00,1.036,1.0371,1.0352,1.0363,1500.0
2025-01-21T13:00:00,1.0363,1.0371,1.0338,1.0346,1500.0
2025-01-21T14:00:00,1.0346,1.0357,1.0338,1.0349,1500.0
2025-01-21T15:00:00,1.0349,1.0357,1.0324,1.0332,1500.0
2025-01-21T16:00:00,1.0332,1.0343,1.0324,1.0335,1500.0
2025-01-21T17:00:00,1.0335,1.0343,1.031,1.0318,1500.0
2025-01-21T18:00:00,1.0318,1.0329,1.031,1.032,1500.0
2025-01-21T19:00:00,1.032,1.0329,1.0296,1.0304,1500.0
